<?xml version="1.0" encoding="utf-8"?>
<!DOCTYPE hibernate-mapping PUBLIC "-//Hibernate/Hibernate Mapping DTD 3.0//EN"
"http://www.hibernate.org/dtd/hibernate-mapping-3.0.dtd">
<!-- 
    Mapping file autogenerated by MyEclipse Persistence Tools
-->
<hibernate-mapping>
    <class name="com.netbar.dao.Landcumputer" table="landcumputer" catalog="netbar">
        <id name="personId" type="java.lang.String">
            <column name="personID" length="20" />
            <generator class="assigned" />
        </id>
        <property name="computerId" type="java.lang.Integer">
            <column name="computerID" not-null="true" />
        </property>
        <property name="upTime" type="java.util.Date">
            <column name="upTime" length="10" not-null="true" />
        </property>
    </class>
</hibernate-mapping>
